{"timestamps": [1491097505.609046, 1491097506.274609, 1491097506.64341, 1491097507.276482, 1491097507.60962, 1491097507.792836, 1491097507.9587, 1491097508.242239, 1491097509.559097, 1491097509.879152, 1491097510.159138, 1491097510.893628, 1491097511.143663, 1491097511.493291, 1491097511.745733, 1491097511.893329, 1491097512.227841, 1491097512.529233, 1491097513.509854, 1491097513.67644], "initial_reset_timestamp": 1491097504.584403, "episode_types": ["t", "t", "t", "t", "t", "t", "t", "t", "t", "t", "t", "t", "t", "t", "t", "t", "t", "t", "t", "t"], "episode_lengths": [15, 18, 20, 38, 20, 11, 10, 17, 39, 15, 17, 44, 15, 21, 15, 9, 20, 18, 59, 10], "episode_rewards": [15.0, 18.0, 20.0, 38.0, 20.0, 11.0, 10.0, 17.0, 39.0, 15.0, 17.0, 44.0, 15.0, 21.0, 15.0, 9.0, 20.0, 18.0, 59.0, 10.0]}